{"biology": {"corr": 122.0, "wrong": 26.0, "acc": 0.8243243243243243}, "total": {"corr": 122.0, "wrong": 26.0, "acc": 0.8243243243243243}}