{"business": {"corr": 546.0, "wrong": 222.0, "acc": 0.7109375}, "total": {"corr": 546.0, "wrong": 222.0, "acc": 0.7109375}}