{"law": {"corr": 119.0, "wrong": 971.0, "acc": 0.10917431192660551}, "total": {"corr": 119.0, "wrong": 971.0, "acc": 0.10917431192660551}}