{"psychology": {"corr": 283.0, "wrong": 514.0, "acc": 0.35508155583437895}, "total": {"corr": 283.0, "wrong": 514.0, "acc": 0.35508155583437895}}