{"business": {"corr": 635.0, "wrong": 154.0, "acc": 0.8048162230671736}, "total": {"corr": 635.0, "wrong": 154.0, "acc": 0.8048162230671736}}