{"business": {"corr": 635.0, "wrong": 154.0, "acc": 0.8048162230671736}, "law": {"corr": 271.0, "wrong": 830.0, "acc": 0.24613987284287012}, "psychology": {"corr": 579.0, "wrong": 219.0, "acc": 0.7255639097744361}, "biology": {"corr": 615.0, "wrong": 102.0, "acc": 0.8577405857740585}, "chemistry": {"corr": 921.0, "wrong": 211.0, "acc": 0.8136042402826855}, "total": {"corr": 3021.0, "wrong": 1516.0, "acc": 0.6658584968040555}}