{"business": {"corr": 635.0, "wrong": 154.0, "acc": 0.8048162230671736}, "law": {"corr": 271.0, "wrong": 830.0, "acc": 0.24613987284287012}, "total": {"corr": 906.0, "wrong": 984.0, "acc": 0.4793650793650794}}