{"business": {"corr": 635.0, "wrong": 154.0, "acc": 0.8048162230671736}, "law": {"corr": 271.0, "wrong": 830.0, "acc": 0.24613987284287012}, "psychology": {"corr": 579.0, "wrong": 219.0, "acc": 0.7255639097744361}, "total": {"corr": 1485.0, "wrong": 1203.0, "acc": 0.5524553571428571}}