{"business": {"corr": 632.0, "wrong": 157.0, "acc": 0.8010139416983524}, "law": {"corr": 769.0, "wrong": 1121.0, "acc": 0.4068783068783069}, "psychology": {"corr": 1114.0, "wrong": 1574.0, "acc": 0.41443452380952384}, "biology": {"corr": 1735.0, "wrong": 1669.0, "acc": 0.5096944770857814}, "total": {"corr": 4250.0, "wrong": 4521.0, "acc": 0.4845513624444191}}