{"business": {"corr": 632.0, "wrong": 157.0, "acc": 0.8010139416983524}, "total": {"corr": 632.0, "wrong": 157.0, "acc": 0.8010139416983524}}