{"math": {"corr": 616.0, "wrong": 698.0, "acc": 0.4687975646879756}, "computer science": {"corr": 801.0, "wrong": 921.0, "acc": 0.4651567944250871}, "total": {"corr": 1417.0, "wrong": 1619.0, "acc": 0.46673254281949933}}