{"business": {"corr": 632.0, "wrong": 157.0, "acc": 0.8010139416983524}, "law": {"corr": 769.0, "wrong": 1121.0, "acc": 0.4068783068783069}, "total": {"corr": 1401.0, "wrong": 1278.0, "acc": 0.522956326987682}}