{"math": {"corr": 616.0, "wrong": 698.0, "acc": 0.4687975646879756}, "total": {"corr": 616.0, "wrong": 698.0, "acc": 0.4687975646879756}}