{"business": {"corr": 632.0, "wrong": 157.0, "acc": 0.8010139416983524}, "law": {"corr": 769.0, "wrong": 1121.0, "acc": 0.4068783068783069}, "psychology": {"corr": 1114.0, "wrong": 1574.0, "acc": 0.41443452380952384}, "total": {"corr": 2515.0, "wrong": 2852.0, "acc": 0.4686044345071735}}