{"math": {"corr": 347.0, "wrong": 1004.0, "acc": 0.25684678016284235}, "computer science": {"corr": 59.0, "wrong": 351.0, "acc": 0.14390243902439023}, "total": {"corr": 406.0, "wrong": 1355.0, "acc": 0.23055082339579785}}