{"math": {"corr": 347.0, "wrong": 1004.0, "acc": 0.25684678016284235}, "total": {"corr": 347.0, "wrong": 1004.0, "acc": 0.25684678016284235}}