{"math": {"corr": 616.0, "wrong": 735.0, "acc": 0.45595854922279794}, "computer science": {"corr": 188.0, "wrong": 222.0, "acc": 0.4585365853658537}, "total": {"corr": 804.0, "wrong": 957.0, "acc": 0.4565587734241908}}