{"math": {"corr": 616.0, "wrong": 735.0, "acc": 0.45595854922279794}, "total": {"corr": 616.0, "wrong": 735.0, "acc": 0.45595854922279794}}