{"math": {"corr": 350.0, "wrong": 1001.0, "acc": 0.25906735751295334}, "computer science": {"corr": 113.0, "wrong": 297.0, "acc": 0.275609756097561}, "total": {"corr": 463.0, "wrong": 1298.0, "acc": 0.2629187961385576}}