{"math": {"corr": 350.0, "wrong": 1001.0, "acc": 0.25906735751295334}, "total": {"corr": 350.0, "wrong": 1001.0, "acc": 0.25906735751295334}}