{"math": {"corr": 327.0, "wrong": 1024.0, "acc": 0.24204293116210215}, "computer science": {"corr": 59.0, "wrong": 351.0, "acc": 0.14390243902439023}, "total": {"corr": 386.0, "wrong": 1375.0, "acc": 0.21919363997728564}}