{"math": {"corr": 327.0, "wrong": 1024.0, "acc": 0.24204293116210215}, "total": {"corr": 327.0, "wrong": 1024.0, "acc": 0.24204293116210215}}